Title,Year,Month,Day,Hour
average: stepping stone of statistical analysis in data science,2021,6,18,12
web scraping with python for your data science project !,2021,6,18,8
major changes: where analytics  data science  machine learning were applied in 2020/21,2021,6,18,16
data science is not becoming extinct in 10 years  your skills might,2021,6,18,12
top 10 data science projects for beginners,2021,6,11,16
how a single mistake wasted 3 years of my data science journey,2021,6,9,12
kdnuggets™ news 21:n21  jun 9: 5 tasks to automate with python; how i doubled my income with data science and machine learning,2021,6,9,8
sas® visual data science decisioning powered by sas® viya®:  free trial,2021,6,8,17
5 data science open-source projects you should consider contributing to,2021,6,7,16
top stories  may 31 – jun 6: a guide on how to become a data scientist (step by step approach); how i doubled my income with data science and machine learning,2021,6,7,13
will there be a shortage of data science jobs in the next 5 years?,2021,6,3,12
how i doubled my income with data science and machine learning,2021,6,1,14
why best-of-breed is a better choice than all-in-one platforms for data science,2020,8,18,11
data science on blockchain with r,2021,6,17,13
why great machine learning models are never enough: three lessons about data science from dr. foege’s letter,2020,10,12,13
customer journey analytics and data science,2015,9,4,20
data science book: everybody lies,2018,6,15,19
data science book: profit driven business analytics,2018,5,28,19
data science workshop  epfl  june 4-6th,2018,5,11,20
data science book review: statistics done wrong,2017,9,1,19
data science book review: superforecasting,2017,6,18,20
data science on azure,2021,2,8,17
data science 101 blog gets a new home,2021,1,8,15
nhung ho – data science in a cloud world,2020,10,24,23
negotiating the data science job salary. should you do that? how do you do that?,2021,6,10,8
18 things you’ll learn about data science only on the job,2021,4,19,13
how to apply for a data science job and how to prepare for interviews,2021,4,12,14
before you apply for a data science position… (resume  cover letter  website  github help),2021,3,15,21
how to get a job in data science and analytics (episode #1),2021,3,15,13
winning the kevin bacon game with sql: data science hobby project example,2021,2,16,14
how to write a great data science resume,2020,10,4,13
21 places to find free datasets for data science projects,2020,9,16,7
best data science books in 2020 (vetted by experts),2020,8,26,14
how to learn python for data science in 5 steps,2020,8,11,14
about dr. zhou's oracle sql for data science course,2019,1,15,19
the future of data science – mining gtc 2021 for trends,2021,4,29,16
ray for data science: distributed python tasks at scale,2021,4,6,13
data science for managers: may 2018,2017,12,5,0
melbourne data science initiative 2016,2016,4,13,3
starting a career in data science,2015,12,30,4
data science market places,2014,5,26,2
upcoming data science events in israel,2019,3,7,6
data science summit europe 2017,2017,2,13,7
data science positions for sports analytics,2016,1,2,3
merging data science and business,2017,11,2,16
more datasets for teaching data science: the expanded dslabs package,2019,7,19,0
i co-founded a company! meet problem forward data science,2019,5,20,0
the evolution of data science … as i remember it,2020,10,22,4
